ST,LT,targetPercentage,stopLossPercentage,entryDifference,profitPercentage
1,80,0.0005,0.002,1e-05,-3.1083503635691567
1,80,0.001,0.002,1e-05,-3.088830956031008
1,80,0.0015,0.002,1e-05,-0.8790043876669151
1,80,0.002,0.002,1e-05,-2.5961904912678357
1,80,0.0005,0.006,1e-05,-6.380050162908201
1,80,0.001,0.006,1e-05,-7.177835134282762
1,80,0.0015,0.006,1e-05,-6.186235769343707
1,80,0.002,0.006,1e-05,-10.435004485873367
1,80,0.0005,0.008,1e-05,-7.137196048681627
1,80,0.001,0.008,1e-05,-7.790433605178326
1,80,0.0015,0.008,1e-05,-7.2753363586354975
1,80,0.002,0.008,1e-05,-12.358333950734535
1,80,0.0005,0.01,1e-05,-8.952011590426867
1,80,0.001,0.01,1e-05,-8.041780712967894
1,80,0.0015,0.01,1e-05,-6.548813200907933
1,80,0.002,0.01,1e-05,-11.96128885683574
1,80,0.0005,0.002,5e-05,-18.567252508414832
1,80,0.001,0.002,5e-05,-15.244153261271109
1,80,0.0015,0.002,5e-05,-13.131922937127138
1,80,0.002,0.002,5e-05,-11.670123232476314
1,80,0.0005,0.006,5e-05,-27.27938959639742
1,80,0.001,0.006,5e-05,-23.383210635206353
1,80,0.0015,0.006,5e-05,-20.753746086571525
1,80,0.002,0.006,5e-05,-19.75121271426068
1,80,0.0005,0.008,5e-05,-27.62705241721619
1,80,0.001,0.008,5e-05,-23.907095139462342
1,80,0.0015,0.008,5e-05,-23.224450447618004
1,80,0.002,0.008,5e-05,-21.951537211233653
1,80,0.0005,0.01,5e-05,-29.817855737004795
1,80,0.001,0.01,5e-05,-25.998929423017493
1,80,0.0015,0.01,5e-05,-23.68271736364046
1,80,0.002,0.01,5e-05,-23.92481593657988
1,80,0.0005,0.002,0.0001,-29.307754251941233
1,80,0.001,0.002,0.0001,-17.604750938074908
1,80,0.0015,0.002,0.0001,-15.085871383681049
1,80,0.002,0.002,0.0001,-15.533216498717861
1,80,0.0005,0.006,0.0001,-33.145862881689425
1,80,0.001,0.006,0.0001,-22.939447097246667
1,80,0.0015,0.006,0.0001,-18.414559610668746
1,80,0.002,0.006,0.0001,-20.61404161250322
1,80,0.0005,0.008,0.0001,-30.541312017119804
1,80,0.001,0.008,0.0001,-21.12070948896182
1,80,0.0015,0.008,0.0001,-16.920550044344886
1,80,0.002,0.008,0.0001,-19.656265075470525
1,80,0.0005,0.01,0.0001,-33.05496925579327
1,80,0.001,0.01,0.0001,-23.92565601449974
1,80,0.0015,0.01,0.0001,-19.103980316985602
1,80,0.002,0.01,0.0001,-23.000732756040932
1,80,0.0005,0.002,0.0002,-40.82271180924906
1,80,0.001,0.002,0.0002,-29.776819089590422
1,80,0.0015,0.002,0.0002,-24.101348523882994
1,80,0.002,0.002,0.0002,-24.62478785538097
1,80,0.0005,0.006,0.0002,-45.50830339920847
1,80,0.001,0.006,0.0002,-36.109044617056206
1,80,0.0015,0.006,0.0002,-23.895368785932693
1,80,0.002,0.006,0.0002,-26.263395837152615
1,80,0.0005,0.008,0.0002,-43.41267877403263
1,80,0.001,0.008,0.0002,-32.246191674347834
1,80,0.0015,0.008,0.0002,-22.13271293882978
1,80,0.002,0.008,0.0002,-24.168786607613267
1,80,0.0005,0.01,0.0002,-40.26715144522672
1,80,0.001,0.01,0.0002,-29.937250362959066
1,80,0.0015,0.01,0.0002,-18.32454896787197
1,80,0.002,0.01,0.0002,-22.523940674548726
4,80,0.0005,0.002,1e-05,-8.134302358000834
4,80,0.001,0.002,1e-05,-8.667109099392379
4,80,0.0015,0.002,1e-05,-8.381787968125408
4,80,0.002,0.002,1e-05,-7.892622471475597
4,80,0.0005,0.006,1e-05,-10.493835560725673
4,80,0.001,0.006,1e-05,-11.676894288542028
4,80,0.0015,0.006,1e-05,-11.70330644784795
4,80,0.002,0.006,1e-05,-11.266885116723625
4,80,0.0005,0.008,1e-05,-11.965811189533637
4,80,0.001,0.008,1e-05,-12.027842703712022
4,80,0.0015,0.008,1e-05,-12.426514757988649
4,80,0.002,0.008,1e-05,-11.92960969087209
4,80,0.0005,0.01,1e-05,-13.316299899745443
4,80,0.001,0.01,1e-05,-12.793716276114509
4,80,0.0015,0.01,1e-05,-12.284368135486057
4,80,0.002,0.01,1e-05,-12.066783023367101
4,80,0.0005,0.002,5e-05,-21.458939148077004
4,80,0.001,0.002,5e-05,-20.25734264503909
4,80,0.0015,0.002,5e-05,-21.144703502371144
4,80,0.002,0.002,5e-05,-17.86525602702811
4,80,0.0005,0.006,5e-05,-22.68861544497014
4,80,0.001,0.006,5e-05,-21.33054881493568
4,80,0.0015,0.006,5e-05,-18.483970351729774
4,80,0.002,0.006,5e-05,-17.80841268637594
4,80,0.0005,0.008,5e-05,-22.657629697737004
4,80,0.001,0.008,5e-05,-20.45089439139073
4,80,0.0015,0.008,5e-05,-18.802372009704115
4,80,0.002,0.008,5e-05,-20.45595651405756
4,80,0.0005,0.01,5e-05,-22.894273996195647
4,80,0.001,0.01,5e-05,-20.465055150470825
4,80,0.0015,0.01,5e-05,-18.952720024278435
4,80,0.002,0.01,5e-05,-20.44098180535796
4,80,0.0005,0.002,0.0001,-30.388520515543828
4,80,0.001,0.002,0.0001,-26.569840511811794
4,80,0.0015,0.002,0.0001,-26.320277832261716
4,80,0.002,0.002,0.0001,-20.686158329489025
4,80,0.0005,0.006,0.0001,-32.86895477616819
4,80,0.001,0.006,0.0001,-29.72336072483962
4,80,0.0015,0.006,0.0001,-26.647231132282013
4,80,0.002,0.006,0.0001,-25.44357092113958
4,80,0.0005,0.008,0.0001,-33.34729763070723
4,80,0.001,0.008,0.0001,-28.379523987579546
4,80,0.0015,0.008,0.0001,-24.636097413078005
4,80,0.002,0.008,0.0001,-25.80840985111309
4,80,0.0005,0.01,0.0001,-34.348290234684306
4,80,0.001,0.01,0.0001,-30.186520915902925
4,80,0.0015,0.01,0.0001,-26.77878042842574
4,80,0.002,0.01,0.0001,-27.834849166079668
4,80,0.0005,0.002,0.0002,-38.06892641874449
4,80,0.001,0.002,0.0002,-28.50812362308106
4,80,0.0015,0.002,0.0002,-22.991973316466186
4,80,0.002,0.002,0.0002,-19.152680402783652
4,80,0.0005,0.006,0.0002,-35.38849778610581
4,80,0.001,0.006,0.0002,-27.60528693361278
4,80,0.0015,0.006,0.0002,-16.30338630601418
4,80,0.002,0.006,0.0002,-13.06541701905507
4,80,0.0005,0.008,0.0002,-34.09861397636597
4,80,0.001,0.008,0.0002,-27.551521327626627
4,80,0.0015,0.008,0.0002,-15.924688821960963
4,80,0.002,0.008,0.0002,-13.049406897197091
4,80,0.0005,0.01,0.0002,-35.67790751372627
4,80,0.001,0.01,0.0002,-28.992671733347407
4,80,0.0015,0.01,0.0002,-16.312726736701578
4,80,0.002,0.01,0.0002,-14.654198076077328
12,80,0.0005,0.002,1e-05,-5.668568716596201
12,80,0.001,0.002,1e-05,-5.605897150164663
12,80,0.0015,0.002,1e-05,-5.553290655382737
12,80,0.002,0.002,1e-05,-1.5281543511506124
12,80,0.0005,0.006,1e-05,-5.056032809701505
12,80,0.001,0.006,1e-05,-9.2867451059775
12,80,0.0015,0.006,1e-05,-12.599637981777933
12,80,0.002,0.006,1e-05,-10.438515128336501
12,80,0.0005,0.008,1e-05,-5.197398181550639
12,80,0.001,0.008,1e-05,-8.008951394787578
12,80,0.0015,0.008,1e-05,-11.048236306315928
12,80,0.002,0.008,1e-05,-9.403315547573833
12,80,0.0005,0.01,1e-05,-6.608935171852659
12,80,0.001,0.01,1e-05,-9.45745530479064
12,80,0.0015,0.01,1e-05,-12.7310798851895
12,80,0.002,0.01,1e-05,-10.344784204723256
12,80,0.0005,0.002,5e-05,-17.267519690287703
12,80,0.001,0.002,5e-05,-14.811278313922049
12,80,0.0015,0.002,5e-05,-13.274469703445602
12,80,0.002,0.002,5e-05,-9.616751436658488
12,80,0.0005,0.006,5e-05,-19.156286098262576
12,80,0.001,0.006,5e-05,-18.903596757571016
12,80,0.0015,0.006,5e-05,-20.05568773462243
12,80,0.002,0.006,5e-05,-12.924951850185295
12,80,0.0005,0.008,5e-05,-20.574489015720932
12,80,0.001,0.008,5e-05,-17.069637774228642
12,80,0.0015,0.008,5e-05,-17.561657325756197
12,80,0.002,0.008,5e-05,-12.309736622155022
12,80,0.0005,0.01,5e-05,-19.99109445414834
12,80,0.001,0.01,5e-05,-19.107719247225585
12,80,0.0015,0.01,5e-05,-16.183330719092037
12,80,0.002,0.01,5e-05,-11.356541632716887
12,80,0.0005,0.002,0.0001,-23.69037807707379
12,80,0.001,0.002,0.0001,-21.28957848121551
12,80,0.0015,0.002,0.0001,-20.54830448092595
12,80,0.002,0.002,0.0001,-12.603978051514908
12,80,0.0005,0.006,0.0001,-19.588388055106986
12,80,0.001,0.006,0.0001,-26.042545372473537
12,80,0.0015,0.006,0.0001,-28.807786625005104
12,80,0.002,0.006,0.0001,-20.970536955675456
12,80,0.0005,0.008,0.0001,-21.206867490187285
12,80,0.001,0.008,0.0001,-24.7924497482829
12,80,0.0015,0.008,0.0001,-27.846992176671815
12,80,0.002,0.008,0.0001,-23.05471292819363
12,80,0.0005,0.01,0.0001,-20.734258077414424
12,80,0.001,0.01,0.0001,-25.261143266033116
12,80,0.0015,0.01,0.0001,-24.854759791341497
12,80,0.002,0.01,0.0001,-22.400912943917493
12,80,0.0005,0.002,0.0002,-35.81249068685762
12,80,0.001,0.002,0.0002,-35.126139959141
12,80,0.0015,0.002,0.0002,-28.792524525131302
12,80,0.002,0.002,0.0002,-24.133558673436717
12,80,0.0005,0.006,0.0002,-34.83229491780532
12,80,0.001,0.006,0.0002,-33.57367833078312
12,80,0.0015,0.006,0.0002,-23.728003314792645
12,80,0.002,0.006,0.0002,-16.254544356158018
12,80,0.0005,0.008,0.0002,-37.89015182845446
12,80,0.001,0.008,0.0002,-33.6872928787267
12,80,0.0015,0.008,0.0002,-23.661374935623847
12,80,0.002,0.008,0.0002,-18.869265359046604
12,80,0.0005,0.01,0.0002,-37.35729129166494
12,80,0.001,0.01,0.0002,-32.85051915976993
12,80,0.0015,0.01,0.0002,-26.07356690326672
12,80,0.002,0.01,0.0002,-22.36345087510766
20,80,0.0005,0.002,1e-05,-5.642010746010994
20,80,0.001,0.002,1e-05,-5.523820184257455
20,80,0.0015,0.002,1e-05,-6.465599909240827
20,80,0.002,0.002,1e-05,-1.85902910030602
20,80,0.0005,0.006,1e-05,-5.80813112263553
20,80,0.001,0.006,1e-05,-5.910711005214497
20,80,0.0015,0.006,1e-05,-10.755704018578715
20,80,0.002,0.006,1e-05,-7.504814327471587
20,80,0.0005,0.008,1e-05,-6.828342987284508
20,80,0.001,0.008,1e-05,-8.033773931849309
20,80,0.0015,0.008,1e-05,-12.118377606354525
20,80,0.002,0.008,1e-05,-9.328180007519382
20,80,0.0005,0.01,1e-05,-7.058437939146134
20,80,0.001,0.01,1e-05,-9.826576750634086
20,80,0.0015,0.01,1e-05,-12.315781647201918
20,80,0.002,0.01,1e-05,-8.178062395787522
20,80,0.0005,0.002,5e-05,-19.932137585220154
20,80,0.001,0.002,5e-05,-15.75469716780139
20,80,0.0015,0.002,5e-05,-15.176337845295373
20,80,0.002,0.002,5e-05,-6.98026655853684
20,80,0.0005,0.006,5e-05,-17.44028280235628
20,80,0.001,0.006,5e-05,-13.991852800861926
20,80,0.0015,0.006,5e-05,-12.4240844345908
20,80,0.002,0.006,5e-05,-9.121490463465708
20,80,0.0005,0.008,5e-05,-16.45029178910873
20,80,0.001,0.008,5e-05,-12.559857573160649
20,80,0.0015,0.008,5e-05,-12.573128517622244
20,80,0.002,0.008,5e-05,-10.610617533647515
20,80,0.0005,0.01,5e-05,-15.192573588767623
20,80,0.001,0.01,5e-05,-13.40637699865681
20,80,0.0015,0.01,5e-05,-10.48326190856088
20,80,0.002,0.01,5e-05,-8.358774204903451
20,80,0.0005,0.002,0.0001,-31.210686385794517
20,80,0.001,0.002,0.0001,-26.190497684256865
20,80,0.0015,0.002,0.0001,-20.773504991987913
20,80,0.002,0.002,0.0001,-16.818421293872543
20,80,0.0005,0.006,0.0001,-26.13659641317343
20,80,0.001,0.006,0.0001,-23.40800341274122
20,80,0.0015,0.006,0.0001,-18.081533345917254
20,80,0.002,0.006,0.0001,-10.289593797365004
20,80,0.0005,0.008,0.0001,-25.158167948446607
20,80,0.001,0.008,0.0001,-23.1141842454996
20,80,0.0015,0.008,0.0001,-19.799881859490164
20,80,0.002,0.008,0.0001,-10.94225796779007
20,80,0.0005,0.01,0.0001,-23.36376384949601
20,80,0.001,0.01,0.0001,-22.09801378148932
20,80,0.0015,0.01,0.0001,-16.729454360143635
20,80,0.002,0.01,0.0001,-9.389349988395356
20,80,0.0005,0.002,0.0002,-36.79666957444322
20,80,0.001,0.002,0.0002,-30.352247175232893
20,80,0.0015,0.002,0.0002,-21.905982028467776
20,80,0.002,0.002,0.0002,-17.486758646286727
20,80,0.0005,0.006,0.0002,-33.37140359526442
20,80,0.001,0.006,0.0002,-28.71324737724983
20,80,0.0015,0.006,0.0002,-19.987679493369992
20,80,0.002,0.006,0.0002,-18.458482633620633
20,80,0.0005,0.008,0.0002,-31.81839169616908
20,80,0.001,0.008,0.0002,-29.290491373571882
20,80,0.0015,0.008,0.0002,-23.161900624900312
20,80,0.002,0.008,0.0002,-22.760453429830463
20,80,0.0005,0.01,0.0002,-32.49358006696076
20,80,0.001,0.01,0.0002,-31.672279096574073
20,80,0.0015,0.01,0.0002,-26.56052252377784
20,80,0.002,0.01,0.0002,-25.229475824561476
1,100,0.0005,0.002,1e-05,-4.089580212976685
1,100,0.001,0.002,1e-05,-3.862081456432953
1,100,0.0015,0.002,1e-05,-2.772711245963344
1,100,0.002,0.002,1e-05,-4.384788957204588
1,100,0.0005,0.006,1e-05,-7.021910001276755
1,100,0.001,0.006,1e-05,-6.417265686941331
1,100,0.0015,0.006,1e-05,-4.612838570306044
1,100,0.002,0.006,1e-05,-4.527475032907368
1,100,0.0005,0.008,1e-05,-7.302303021893408
1,100,0.001,0.008,1e-05,-6.321186332244622
1,100,0.0015,0.008,1e-05,-5.705258880576636
1,100,0.002,0.008,1e-05,-4.702985260341286
1,100,0.0005,0.01,1e-05,-7.456855272378915
1,100,0.001,0.01,1e-05,-5.721659481590901
1,100,0.0015,0.01,1e-05,-6.199235911274437
1,100,0.002,0.01,1e-05,-6.073207396791336
1,100,0.0005,0.002,5e-05,-17.36460965127805
1,100,0.001,0.002,5e-05,-12.068520035359697
1,100,0.0015,0.002,5e-05,-7.468915957176847
1,100,0.002,0.002,5e-05,-9.623638656970657
1,100,0.0005,0.006,5e-05,-24.10411942478331
1,100,0.001,0.006,5e-05,-21.33714595993641
1,100,0.0015,0.006,5e-05,-18.761606214239734
1,100,0.002,0.006,5e-05,-21.794048510934772
1,100,0.0005,0.008,5e-05,-23.642784529864812
1,100,0.001,0.008,5e-05,-21.43428216077854
1,100,0.0015,0.008,5e-05,-20.616006812360567
1,100,0.002,0.008,5e-05,-21.604765851494058
1,100,0.0005,0.01,5e-05,-24.103203010890894
1,100,0.001,0.01,5e-05,-21.98937161156952
1,100,0.0015,0.01,5e-05,-21.99884097026056
1,100,0.002,0.01,5e-05,-21.587524015212857
1,100,0.0005,0.002,0.0001,-25.45539928628483
1,100,0.001,0.002,0.0001,-15.126640599984054
1,100,0.0015,0.002,0.0001,-10.614270724563823
1,100,0.002,0.002,0.0001,-10.970321094442426
1,100,0.0005,0.006,0.0001,-32.69430622301934
1,100,0.001,0.006,0.0001,-23.779617274955946
1,100,0.0015,0.006,0.0001,-19.529281630106887
1,100,0.002,0.006,0.0001,-21.70842062606718
1,100,0.0005,0.008,0.0001,-34.29342874351554
1,100,0.001,0.008,0.0001,-24.727016398575373
1,100,0.0015,0.008,0.0001,-22.9448087409708
1,100,0.002,0.008,0.0001,-23.934329578120817
1,100,0.0005,0.01,0.0001,-34.4540266326279
1,100,0.001,0.01,0.0001,-24.61635636487007
1,100,0.0015,0.01,0.0001,-23.871867408529248
1,100,0.002,0.01,0.0001,-22.44863882573116
1,100,0.0005,0.002,0.0002,-37.241476495573245
1,100,0.001,0.002,0.0002,-24.70819665851972
1,100,0.0015,0.002,0.0002,-23.76547751075404
1,100,0.002,0.002,0.0002,-21.277537684526237
1,100,0.0005,0.006,0.0002,-43.65622325827244
1,100,0.001,0.006,0.0002,-33.90801988776864
1,100,0.0015,0.006,0.0002,-29.38780839487145
1,100,0.002,0.006,0.0002,-28.800519602569075
1,100,0.0005,0.008,0.0002,-43.434982039904604
1,100,0.001,0.008,0.0002,-32.17721098054581
1,100,0.0015,0.008,0.0002,-30.549490992791817
1,100,0.002,0.008,0.0002,-30.457702394119867
1,100,0.0005,0.01,0.0002,-40.439712079068514
1,100,0.001,0.01,0.0002,-31.423533286717774
1,100,0.0015,0.01,0.0002,-28.633855201238134
1,100,0.002,0.01,0.0002,-27.35529332017199
4,100,0.0005,0.002,1e-05,-3.644304797775255
4,100,0.001,0.002,1e-05,-3.939807480759261
4,100,0.0015,0.002,1e-05,-5.196924490825328
4,100,0.002,0.002,1e-05,-2.880572511479662
4,100,0.0005,0.006,1e-05,-2.409071974183874
4,100,0.001,0.006,1e-05,-2.5087297433670885
4,100,0.0015,0.006,1e-05,-4.801806350135895
4,100,0.002,0.006,1e-05,-2.886256879959803
4,100,0.0005,0.008,1e-05,-0.9395862125527565
4,100,0.001,0.008,1e-05,-1.6499487665939228
4,100,0.0015,0.008,1e-05,-6.549302160659964
4,100,0.002,0.008,1e-05,-4.052772789450265
4,100,0.0005,0.01,1e-05,-0.27679891607592655
4,100,0.001,0.01,1e-05,-2.1313203319734297
4,100,0.0015,0.01,1e-05,-7.576963320730778
4,100,0.002,0.01,1e-05,-5.326111352067797
4,100,0.0005,0.002,5e-05,-18.511376901794417
4,100,0.001,0.002,5e-05,-10.251712583717898
4,100,0.0015,0.002,5e-05,-10.045333683587987
4,100,0.002,0.002,5e-05,-8.223913760633806
4,100,0.0005,0.006,5e-05,-18.40312383497875
4,100,0.001,0.006,5e-05,-9.991405237780281
4,100,0.0015,0.006,5e-05,-9.636372555584716
4,100,0.002,0.006,5e-05,-8.16079817376294
4,100,0.0005,0.008,5e-05,-17.763165022775375
4,100,0.001,0.008,5e-05,-10.273233679199356
4,100,0.0015,0.008,5e-05,-12.303488475669788
4,100,0.002,0.008,5e-05,-12.333975749545056
4,100,0.0005,0.01,5e-05,-16.955097527984165
4,100,0.001,0.01,5e-05,-11.596197900102268
4,100,0.0015,0.01,5e-05,-13.280006617178596
4,100,0.002,0.01,5e-05,-13.917907137620912
4,100,0.0005,0.002,0.0001,-24.944197144623857
4,100,0.001,0.002,0.0001,-16.430054618786006
4,100,0.0015,0.002,0.0001,-14.590992631186573
4,100,0.002,0.002,0.0001,-12.086694879975068
4,100,0.0005,0.006,0.0001,-23.729578350800562
4,100,0.001,0.006,0.0001,-16.151076403611697
4,100,0.0015,0.006,0.0001,-14.027594650145382
4,100,0.002,0.006,0.0001,-8.777648794078964
4,100,0.0005,0.008,0.0001,-23.293510430981467
4,100,0.001,0.008,0.0001,-14.574806390379313
4,100,0.0015,0.008,0.0001,-14.49659081708945
4,100,0.002,0.008,0.0001,-11.769035629838786
4,100,0.0005,0.01,0.0001,-23.10299415288738
4,100,0.001,0.01,0.0001,-16.204338598029832
4,100,0.0015,0.01,0.0001,-16.28387412233201
4,100,0.002,0.01,0.0001,-14.503241726605632
4,100,0.0005,0.002,0.0002,-32.4633081635841
4,100,0.001,0.002,0.0002,-23.703616734345278
4,100,0.0015,0.002,0.0002,-24.230938457602157
4,100,0.002,0.002,0.0002,-15.299551423013035
4,100,0.0005,0.006,0.0002,-30.535960895658576
4,100,0.001,0.006,0.0002,-22.731061089830217
4,100,0.0015,0.006,0.0002,-21.411502910688853
4,100,0.002,0.006,0.0002,-13.659050575309484
4,100,0.0005,0.008,0.0002,-30.61950947406765
4,100,0.001,0.008,0.0002,-21.9993826656526
4,100,0.0015,0.008,0.0002,-20.149432399902768
4,100,0.002,0.008,0.0002,-15.652436629835197
4,100,0.0005,0.01,0.0002,-30.606499044232038
4,100,0.001,0.01,0.0002,-24.587487008060016
4,100,0.0015,0.01,0.0002,-22.571935281514367
4,100,0.002,0.01,0.0002,-16.733555856169914
12,100,0.0005,0.002,1e-05,-6.6162307986793785
12,100,0.001,0.002,1e-05,-6.08743740876474
12,100,0.0015,0.002,1e-05,-4.6986675695502855
12,100,0.002,0.002,1e-05,-4.4582990008151135
12,100,0.0005,0.006,1e-05,-4.741724096850497
12,100,0.001,0.006,1e-05,-7.260906374610587
12,100,0.0015,0.006,1e-05,-7.830415981881112
12,100,0.002,0.006,1e-05,-8.623599579459807
12,100,0.0005,0.008,1e-05,-4.87256348657874
12,100,0.001,0.008,1e-05,-6.933911534009985
12,100,0.0015,0.008,1e-05,-6.992605379762907
12,100,0.002,0.008,1e-05,-8.466138878011497
12,100,0.0005,0.01,1e-05,-4.299783935648948
12,100,0.001,0.01,1e-05,-5.310890998502016
12,100,0.0015,0.01,1e-05,-5.318960372531034
12,100,0.002,0.01,1e-05,-7.336597934191957
12,100,0.0005,0.002,5e-05,-19.60786522919049
12,100,0.001,0.002,5e-05,-18.01458914688585
12,100,0.0015,0.002,5e-05,-11.700422597842275
12,100,0.002,0.002,5e-05,-11.235382243753357
12,100,0.0005,0.006,5e-05,-17.77302641208288
12,100,0.001,0.006,5e-05,-16.64374503772529
12,100,0.0015,0.006,5e-05,-15.342144976702022
12,100,0.002,0.006,5e-05,-17.043896396208325
12,100,0.0005,0.008,5e-05,-20.021917008698342
12,100,0.001,0.008,5e-05,-21.89114884018619
12,100,0.0015,0.008,5e-05,-17.58097379602972
12,100,0.002,0.008,5e-05,-21.840203187847084
12,100,0.0005,0.01,5e-05,-20.995866903121996
12,100,0.001,0.01,5e-05,-24.404021490434303
12,100,0.0015,0.01,5e-05,-18.873976401869598
12,100,0.002,0.01,5e-05,-20.67194957868763
12,100,0.0005,0.002,0.0001,-23.346404185630043
12,100,0.001,0.002,0.0001,-18.303608818455942
12,100,0.0015,0.002,0.0001,-7.778560859979466
12,100,0.002,0.002,0.0001,-6.924460741629379
12,100,0.0005,0.006,0.0001,-20.997679391644297
12,100,0.001,0.006,0.0001,-17.915922569110933
12,100,0.0015,0.006,0.0001,-12.561632233722309
12,100,0.002,0.006,0.0001,-8.888286548867441
12,100,0.0005,0.008,0.0001,-25.25262989301389
12,100,0.001,0.008,0.0001,-19.08069221353483
12,100,0.0015,0.008,0.0001,-14.314131000004004
12,100,0.002,0.008,0.0001,-12.277955624888659
12,100,0.0005,0.01,0.0001,-24.504928554370174
12,100,0.001,0.01,0.0001,-20.828832080873806
12,100,0.0015,0.01,0.0001,-12.569814290362347
12,100,0.002,0.01,0.0001,-11.351832009003559
12,100,0.0005,0.002,0.0002,-33.19170305212721
12,100,0.001,0.002,0.0002,-23.872804568016225
12,100,0.0015,0.002,0.0002,-19.004682489221413
12,100,0.002,0.002,0.0002,-13.266865796894422
12,100,0.0005,0.006,0.0002,-30.229801795596746
12,100,0.001,0.006,0.0002,-20.572733887197803
12,100,0.0015,0.006,0.0002,-13.187611506668107
12,100,0.002,0.006,0.0002,-7.915562089735307
12,100,0.0005,0.008,0.0002,-32.7485012975077
12,100,0.001,0.008,0.0002,-22.655418914929182
12,100,0.0015,0.008,0.0002,-19.053954223448123
12,100,0.002,0.008,0.0002,-14.22425798972804
12,100,0.0005,0.01,0.0002,-33.82944226365608
12,100,0.001,0.01,0.0002,-23.874083828246174
12,100,0.0015,0.01,0.0002,-19.531956252784877
12,100,0.002,0.01,0.0002,-14.735540434880622
20,100,0.0005,0.002,1e-05,-4.7423264739263065
20,100,0.001,0.002,1e-05,-4.466818824208241
20,100,0.0015,0.002,1e-05,-2.6013572210539015
20,100,0.002,0.002,1e-05,-2.439436763033598
20,100,0.0005,0.006,1e-05,-4.908226522843195
20,100,0.001,0.006,1e-05,-2.2076537290632747
20,100,0.0015,0.006,1e-05,0.009666863856661045
20,100,0.002,0.006,1e-05,-2.0207521494661873
20,100,0.0005,0.008,1e-05,-5.921729740797444
20,100,0.001,0.008,1e-05,-3.302339889662742
20,100,0.0015,0.008,1e-05,-0.2634690661906802
20,100,0.002,0.008,1e-05,-3.437907592585643
20,100,0.0005,0.01,1e-05,-5.2286967522984344
20,100,0.001,0.01,1e-05,-2.208148132044574
20,100,0.0015,0.01,1e-05,0.8810906595901891
20,100,0.002,0.01,1e-05,-3.272803549780212
20,100,0.0005,0.002,5e-05,-18.512048705820348
20,100,0.001,0.002,5e-05,-18.04623567354453
20,100,0.0015,0.002,5e-05,-14.496683243698227
20,100,0.002,0.002,5e-05,-13.504596792785117
20,100,0.0005,0.006,5e-05,-17.18701894695406
20,100,0.001,0.006,5e-05,-17.353381598533847
20,100,0.0015,0.006,5e-05,-14.477040729517189
20,100,0.002,0.006,5e-05,-15.36868133357795
20,100,0.0005,0.008,5e-05,-21.345023165948174
20,100,0.001,0.008,5e-05,-20.33491719825782
20,100,0.0015,0.008,5e-05,-19.506330674751602
20,100,0.002,0.008,5e-05,-19.07572490363718
20,100,0.0005,0.01,5e-05,-21.180378989281067
20,100,0.001,0.01,5e-05,-21.087003759764976
20,100,0.0015,0.01,5e-05,-20.545485719630808
20,100,0.002,0.01,5e-05,-20.85252727966378
20,100,0.0005,0.002,0.0001,-22.442394118227206
20,100,0.001,0.002,0.0001,-20.230151606197154
20,100,0.0015,0.002,0.0001,-14.277524780941375
20,100,0.002,0.002,0.0001,-10.085677343083566
20,100,0.0005,0.006,0.0001,-19.26721930204541
20,100,0.001,0.006,0.0001,-15.372006248420178
20,100,0.0015,0.006,0.0001,-6.078184081205595
20,100,0.002,0.006,0.0001,-0.9369721797739983
20,100,0.0005,0.008,0.0001,-20.67138325072615
20,100,0.001,0.008,0.0001,-13.965288666748998
20,100,0.0015,0.008,0.0001,-9.379690102278548
20,100,0.002,0.008,0.0001,-3.761848167244397
20,100,0.0005,0.01,0.0001,-21.28643029214746
20,100,0.001,0.01,0.0001,-17.27910486278761
20,100,0.0015,0.01,0.0001,-12.258749982911898
20,100,0.002,0.01,0.0001,-6.5200169714142
20,100,0.0005,0.002,0.0002,-33.13156472834068
20,100,0.001,0.002,0.0002,-28.199606629696493
20,100,0.0015,0.002,0.0002,-24.253234990308613
20,100,0.002,0.002,0.0002,-19.8964807177927
20,100,0.0005,0.006,0.0002,-27.40049184797878
20,100,0.001,0.006,0.0002,-18.49940813973856
20,100,0.0015,0.006,0.0002,-17.635977492978938
20,100,0.002,0.006,0.0002,-8.958209482149048
20,100,0.0005,0.008,0.0002,-29.98406887644469
20,100,0.001,0.008,0.0002,-18.159045266390617
20,100,0.0015,0.008,0.0002,-17.163321533059495
20,100,0.002,0.008,0.0002,-12.333349426349383
20,100,0.0005,0.01,0.0002,-29.900467973791557
20,100,0.001,0.01,0.0002,-19.953966645343346
20,100,0.0015,0.01,0.0002,-19.125395337868788
20,100,0.002,0.01,0.0002,-15.746412308104274
1,200,0.0005,0.002,1e-05,-4.583214631772348
1,200,0.001,0.002,1e-05,-5.483981457221832
1,200,0.0015,0.002,1e-05,-5.3012793781589185
1,200,0.002,0.002,1e-05,-4.7787276895057795
1,200,0.0005,0.006,1e-05,-6.661479543864002
1,200,0.001,0.006,1e-05,-6.980274840177425
1,200,0.0015,0.006,1e-05,-6.983240230030097
1,200,0.002,0.006,1e-05,-6.646667457488398
1,200,0.0005,0.008,1e-05,-7.749616985515928
1,200,0.001,0.008,1e-05,-8.797427092859122
1,200,0.0015,0.008,1e-05,-9.16449571280813
1,200,0.002,0.008,1e-05,-9.199835100022636
1,200,0.0005,0.01,1e-05,-6.943087245269242
1,200,0.001,0.01,1e-05,-7.834230466776981
1,200,0.0015,0.01,1e-05,-8.351062395847919
1,200,0.002,0.01,1e-05,-7.553870893983117
1,200,0.0005,0.002,5e-05,-10.395193713311778
1,200,0.001,0.002,5e-05,-7.910867051149295
1,200,0.0015,0.002,5e-05,-7.12489333009656
1,200,0.002,0.002,5e-05,-4.999983956529242
1,200,0.0005,0.006,5e-05,-14.685844149517113
1,200,0.001,0.006,5e-05,-13.36503927760222
1,200,0.0015,0.006,5e-05,-15.039444811843804
1,200,0.002,0.006,5e-05,-16.3857864251718
1,200,0.0005,0.008,5e-05,-15.693395816403354
1,200,0.001,0.008,5e-05,-15.666229921291253
1,200,0.0015,0.008,5e-05,-16.976341933667616
1,200,0.002,0.008,5e-05,-18.31452411861565
1,200,0.0005,0.01,5e-05,-13.965729449634823
1,200,0.001,0.01,5e-05,-14.93015266402974
1,200,0.0015,0.01,5e-05,-15.6322888438703
1,200,0.002,0.01,5e-05,-17.760132223676774
1,200,0.0005,0.002,0.0001,-15.503830912247851
1,200,0.001,0.002,0.0001,-9.057874362237294
1,200,0.0015,0.002,0.0001,-7.875032614713051
1,200,0.002,0.002,0.0001,-6.418081292478028
1,200,0.0005,0.006,0.0001,-17.98105116646964
1,200,0.001,0.006,0.0001,-13.728696493052329
1,200,0.0015,0.006,0.0001,-16.342637553573258
1,200,0.002,0.006,0.0001,-15.634127528883667
1,200,0.0005,0.008,0.0001,-18.742186621062196
1,200,0.001,0.008,0.0001,-16.456089117164673
1,200,0.0015,0.008,0.0001,-17.952295283571917
1,200,0.002,0.008,0.0001,-16.708014832330086
1,200,0.0005,0.01,0.0001,-18.162304660358696
1,200,0.001,0.01,0.0001,-18.210189131170317
1,200,0.0015,0.01,0.0001,-19.036529925398117
1,200,0.002,0.01,0.0001,-18.928348959215302
1,200,0.0005,0.002,0.0002,-26.27383648347006
1,200,0.001,0.002,0.0002,-18.13429402049381
1,200,0.0015,0.002,0.0002,-18.665776639678633
1,200,0.002,0.002,0.0002,-14.451981006969595
1,200,0.0005,0.006,0.0002,-27.26674858132028
1,200,0.001,0.006,0.0002,-22.770192889673247
1,200,0.0015,0.006,0.0002,-24.017809841536153
1,200,0.002,0.006,0.0002,-22.56247684504715
1,200,0.0005,0.008,0.0002,-26.14494147314752
1,200,0.001,0.008,0.0002,-23.167969049124004
1,200,0.0015,0.008,0.0002,-23.16959966995691
1,200,0.002,0.008,0.0002,-21.746794976187633
1,200,0.0005,0.01,0.0002,-26.880706984606384
1,200,0.001,0.01,0.0002,-23.26519320101076
1,200,0.0015,0.01,0.0002,-23.99346854456985
1,200,0.002,0.01,0.0002,-23.642795013241745
4,200,0.0005,0.002,1e-05,-2.455385660179288
4,200,0.001,0.002,1e-05,-2.51481907854314
4,200,0.0015,0.002,1e-05,-2.4646745233495526
4,200,0.002,0.002,1e-05,-2.0866519346804058
4,200,0.0005,0.006,1e-05,-3.307737352515161
4,200,0.001,0.006,1e-05,-4.29893999208949
4,200,0.0015,0.006,1e-05,-2.5550606123856956
4,200,0.002,0.006,1e-05,-1.495973614306778
4,200,0.0005,0.008,1e-05,-3.108695038751619
4,200,0.001,0.008,1e-05,-3.675631914059463
4,200,0.0015,0.008,1e-05,-1.5952625223963457
4,200,0.002,0.008,1e-05,-0.8734713633971491
4,200,0.0005,0.01,1e-05,-3.90030859634124
4,200,0.001,0.01,1e-05,-3.111921239943105
4,200,0.0015,0.01,1e-05,-0.6663946589434699
4,200,0.002,0.01,1e-05,-0.2376199086644215
4,200,0.0005,0.002,5e-05,-11.150753118837686
4,200,0.001,0.002,5e-05,-10.873039011287855
4,200,0.0015,0.002,5e-05,-5.663747620304083
4,200,0.002,0.002,5e-05,-3.8741212138656334
4,200,0.0005,0.006,5e-05,-12.493413196942138
4,200,0.001,0.006,5e-05,-11.037939909614936
4,200,0.0015,0.006,5e-05,-4.341832607599294
4,200,0.002,0.006,5e-05,-4.49291450844923
4,200,0.0005,0.008,5e-05,-12.18083594051268
4,200,0.001,0.008,5e-05,-9.45932678281931
4,200,0.0015,0.008,5e-05,-2.456528320995288
4,200,0.002,0.008,5e-05,-3.7032553251255207
4,200,0.0005,0.01,5e-05,-11.976080737578897
4,200,0.001,0.01,5e-05,-10.064769184018974
4,200,0.0015,0.01,5e-05,-1.6319772765893137
4,200,0.002,0.01,5e-05,-1.6429940193829262
4,200,0.0005,0.002,0.0001,-16.51610434956886
4,200,0.001,0.002,0.0001,-14.817144073329914
4,200,0.0015,0.002,0.0001,-12.180187833964318
4,200,0.002,0.002,0.0001,-9.684036031568121
4,200,0.0005,0.006,0.0001,-16.35059851170797
4,200,0.001,0.006,0.0001,-14.009073280414164
4,200,0.0015,0.006,0.0001,-5.425612176322526
4,200,0.002,0.006,0.0001,-2.3653227199969873
4,200,0.0005,0.008,0.0001,-15.663152800317615
4,200,0.001,0.008,0.0001,-13.663148983606344
4,200,0.0015,0.008,0.0001,-5.915112391105937
4,200,0.002,0.008,0.0001,-2.4883196265694574
4,200,0.0005,0.01,0.0001,-16.803906116720203
4,200,0.001,0.01,0.0001,-15.684122853354754
4,200,0.0015,0.01,0.0001,-7.2454611756000435
4,200,0.002,0.01,0.0001,-2.6882934385973223
4,200,0.0005,0.002,0.0002,-24.595043194944576
4,200,0.001,0.002,0.0002,-20.858110281860952
4,200,0.0015,0.002,0.0002,-16.65476354924551
4,200,0.002,0.002,0.0002,-15.463306569345136
4,200,0.0005,0.006,0.0002,-26.91511379886905
4,200,0.001,0.006,0.0002,-22.618783340105843
4,200,0.0015,0.006,0.0002,-14.456553328846988
4,200,0.002,0.006,0.0002,-12.234572040179659
4,200,0.0005,0.008,0.0002,-28.05363803048152
4,200,0.001,0.008,0.0002,-24.438880541346684
4,200,0.0015,0.008,0.0002,-17.01625668477621
4,200,0.002,0.008,0.0002,-13.804283199104706
4,200,0.0005,0.01,0.0002,-26.790614137266132
4,200,0.001,0.01,0.0002,-22.36009417444713
4,200,0.0015,0.01,0.0002,-14.637439218715443
4,200,0.002,0.01,0.0002,-11.700690790672752
12,200,0.0005,0.002,1e-05,-2.727189253160278
12,200,0.001,0.002,1e-05,-1.7930096240717286
12,200,0.0015,0.002,1e-05,-1.1834378107332122
12,200,0.002,0.002,1e-05,-0.9060874377550765
12,200,0.0005,0.006,1e-05,-4.5722092807117924
12,200,0.001,0.006,1e-05,-4.6635882721460025
12,200,0.0015,0.006,1e-05,-3.9653487557533174
12,200,0.002,0.006,1e-05,-2.0104009914498455
12,200,0.0005,0.008,1e-05,-4.27743874537957
12,200,0.001,0.008,1e-05,-4.289682430659081
12,200,0.0015,0.008,1e-05,-4.023100028554327
12,200,0.002,0.008,1e-05,-2.314002566498552
12,200,0.0005,0.01,1e-05,-4.526598905711432
12,200,0.001,0.01,1e-05,-4.295535030295183
12,200,0.0015,0.01,1e-05,-3.9109794587857682
12,200,0.002,0.01,1e-05,-3.5781020493362514
12,200,0.0005,0.002,5e-05,-6.057430335108139
12,200,0.001,0.002,5e-05,-4.416217749109919
12,200,0.0015,0.002,5e-05,-2.092481691005643
12,200,0.002,0.002,5e-05,-4.787092023154893
12,200,0.0005,0.006,5e-05,-5.464900913006476
12,200,0.001,0.006,5e-05,-3.1729492275200277
12,200,0.0015,0.006,5e-05,-1.9828270642344492
12,200,0.002,0.006,5e-05,-2.6462213639789733
12,200,0.0005,0.008,5e-05,-4.722619014860996
12,200,0.001,0.008,5e-05,-4.19576115551269
12,200,0.0015,0.008,5e-05,-4.734155616704694
12,200,0.002,0.008,5e-05,-4.644114225090446
12,200,0.0005,0.01,5e-05,-5.349075503883737
12,200,0.001,0.01,5e-05,-2.0237777146709712
12,200,0.0015,0.01,5e-05,-3.8521956808322377
12,200,0.002,0.01,5e-05,-4.791003937273997
12,200,0.0005,0.002,0.0001,-12.192595356911884
12,200,0.001,0.002,0.0001,-11.031069575533259
12,200,0.0015,0.002,0.0001,-6.558554949275974
12,200,0.002,0.002,0.0001,-5.211667430019484
12,200,0.0005,0.006,0.0001,-13.238899715593977
12,200,0.001,0.006,0.0001,-14.068387430897477
12,200,0.0015,0.006,0.0001,-8.100047014247902
12,200,0.002,0.006,0.0001,-5.039698230293066
12,200,0.0005,0.008,0.0001,-13.97483908858369
12,200,0.001,0.008,0.0001,-16.19978535662637
12,200,0.0015,0.008,0.0001,-9.656326001834925
12,200,0.002,0.008,0.0001,-6.107109635151975
12,200,0.0005,0.01,0.0001,-15.784762907607487
12,200,0.001,0.01,0.0001,-16.88598776099296
12,200,0.0015,0.01,0.0001,-10.973426927016838
12,200,0.002,0.01,0.0001,-7.8097620691765846
12,200,0.0005,0.002,0.0002,-19.541919603764057
12,200,0.001,0.002,0.0002,-14.645276922536576
12,200,0.0015,0.002,0.0002,-14.341909230153805
12,200,0.002,0.002,0.0002,-9.610518426601555
12,200,0.0005,0.006,0.0002,-17.420274023786497
12,200,0.001,0.006,0.0002,-11.844382073740867
12,200,0.0015,0.006,0.0002,-10.39782382107206
12,200,0.002,0.006,0.0002,-5.004019472002064
12,200,0.0005,0.008,0.0002,-18.35139500746171
12,200,0.001,0.008,0.0002,-11.110373891230052
12,200,0.0015,0.008,0.0002,-11.39722493573524
12,200,0.002,0.008,0.0002,-2.7088789042350347
12,200,0.0005,0.01,0.0002,-19.408358800366344
12,200,0.001,0.01,0.0002,-12.282344575704895
12,200,0.0015,0.01,0.0002,-13.16379583934404
12,200,0.002,0.01,0.0002,-6.183686129397847
20,200,0.0005,0.002,1e-05,-1.46825892394713
20,200,0.001,0.002,1e-05,-1.3000040127811419
20,200,0.0015,0.002,1e-05,-1.065913655781936
20,200,0.002,0.002,1e-05,-2.2115810849188122
20,200,0.0005,0.006,1e-05,-1.3789186086152982
20,200,0.001,0.006,1e-05,-2.8959099406480115
20,200,0.0015,0.006,1e-05,-3.668963548975812
20,200,0.002,0.006,1e-05,-3.184530740357161
20,200,0.0005,0.008,1e-05,-1.7204669510639148
20,200,0.001,0.008,1e-05,-4.294668349117425
20,200,0.0015,0.008,1e-05,-5.178342517387047
20,200,0.002,0.008,1e-05,-4.448676655056771
20,200,0.0005,0.01,1e-05,-2.696888268101416
20,200,0.001,0.01,1e-05,-5.471469386521566
20,200,0.0015,0.01,1e-05,-7.090745090622342
20,200,0.002,0.01,1e-05,-6.135943327963922
20,200,0.0005,0.002,5e-05,-7.113537142989235
20,200,0.001,0.002,5e-05,-3.180959155701746
20,200,0.0015,0.002,5e-05,-2.663740563831829
20,200,0.002,0.002,5e-05,-4.397842084557524
20,200,0.0005,0.006,5e-05,-8.681495691948015
20,200,0.001,0.006,5e-05,-5.096168716753279
20,200,0.0015,0.006,5e-05,-6.110306538004295
20,200,0.002,0.006,5e-05,-6.469347960672733
20,200,0.0005,0.008,5e-05,-10.234995346070075
20,200,0.001,0.008,5e-05,-6.153192669206775
20,200,0.0015,0.008,5e-05,-10.690205146752874
20,200,0.002,0.008,5e-05,-11.633518985950552
20,200,0.0005,0.01,5e-05,-11.286741248501464
20,200,0.001,0.01,5e-05,-8.422466135635108
20,200,0.0015,0.01,5e-05,-13.5139457080931
20,200,0.002,0.01,5e-05,-11.891295344057163
20,200,0.0005,0.002,0.0001,-10.988157478983018
20,200,0.001,0.002,0.0001,-2.599719033249648
20,200,0.0015,0.002,0.0001,-5.134953282003085
20,200,0.002,0.002,0.0001,-3.580808397394475
20,200,0.0005,0.006,0.0001,-12.404244399087961
20,200,0.001,0.006,0.0001,-1.7193771944037262
20,200,0.0015,0.006,0.0001,-5.625748904223404
20,200,0.002,0.006,0.0001,-1.6536067776654728
20,200,0.0005,0.008,0.0001,-15.652376040192884
20,200,0.001,0.008,0.0001,-6.118726643236716
20,200,0.0015,0.008,0.0001,-12.973310461914478
20,200,0.002,0.008,0.0001,-7.508021324896175
20,200,0.0005,0.01,0.0001,-16.140903584868116
20,200,0.001,0.01,0.0001,-7.704109380762436
20,200,0.0015,0.01,0.0001,-16.92082993414704
20,200,0.002,0.01,0.0001,-10.721894198233406
20,200,0.0005,0.002,0.0002,-14.781109752652732
20,200,0.001,0.002,0.0002,-12.314421351892168
20,200,0.0015,0.002,0.0002,-9.711012618139414
20,200,0.002,0.002,0.0002,-8.505838911615948
20,200,0.0005,0.006,0.0002,-11.415776748194183
20,200,0.001,0.006,0.0002,-10.630131225582318
20,200,0.0015,0.006,0.0002,-6.870169598721853
20,200,0.002,0.006,0.0002,-5.657215323863074
20,200,0.0005,0.008,0.0002,-13.290149233703008
20,200,0.001,0.008,0.0002,-12.216446477418163
20,200,0.0015,0.008,0.0002,-10.996312926222329
20,200,0.002,0.008,0.0002,-6.0449111042563235
20,200,0.0005,0.01,0.0002,-15.46076537959058
20,200,0.001,0.01,0.0002,-15.594874177767847
20,200,0.0015,0.01,0.0002,-15.365809538849772
20,200,0.002,0.01,0.0002,-10.501122316595756
1,500,0.0005,0.002,1e-05,0.08106900401234629
1,500,0.001,0.002,1e-05,0.36544515234806507
1,500,0.0015,0.002,1e-05,0.2726321658571784
1,500,0.002,0.002,1e-05,2.0391809837593478
1,500,0.0005,0.006,1e-05,0.8634126187206492
1,500,0.001,0.006,1e-05,0.9704998350746674
1,500,0.0015,0.006,1e-05,1.0364281338867354
1,500,0.002,0.006,1e-05,3.1257692770914502
1,500,0.0005,0.008,1e-05,0.8742081647917566
1,500,0.001,0.008,1e-05,0.5752706361686455
1,500,0.0015,0.008,1e-05,0.4729384272823989
1,500,0.002,0.008,1e-05,2.5506271175101958
1,500,0.0005,0.01,1e-05,0.8742081647917566
1,500,0.001,0.01,1e-05,0.17005239124137095
1,500,0.0015,0.01,1e-05,0.2751540276994646
1,500,0.002,0.01,1e-05,2.348752717012159
1,500,0.0005,0.002,5e-05,-4.524883642420163
1,500,0.001,0.002,5e-05,-1.5393518884009194
1,500,0.0015,0.002,5e-05,-2.1945034988532286
1,500,0.002,0.002,5e-05,-1.6563454781513332
1,500,0.0005,0.006,5e-05,-1.131102287755803
1,500,0.001,0.006,5e-05,5.137408396374643
1,500,0.0015,0.006,5e-05,5.592391162430044
1,500,0.002,0.006,5e-05,4.445444595752357
1,500,0.0005,0.008,5e-05,-2.1381796538825104
1,500,0.001,0.008,5e-05,4.279870177348832
1,500,0.0015,0.008,5e-05,4.393824532979673
1,500,0.002,0.008,5e-05,3.5663855139821843
1,500,0.0005,0.01,5e-05,-3.2837548002128347
1,500,0.001,0.01,5e-05,3.113640376077398
1,500,0.0015,0.01,5e-05,4.073364686350134
1,500,0.002,0.01,5e-05,3.195307991645091
1,500,0.0005,0.002,0.0001,-7.0903542838679385
1,500,0.001,0.002,0.0001,-5.661431768494241
1,500,0.0015,0.002,0.0001,-5.264918013465314
1,500,0.002,0.002,0.0001,-4.15392428574255
1,500,0.0005,0.006,0.0001,-4.86249979626564
1,500,0.001,0.006,0.0001,-2.577882370465645
1,500,0.0015,0.006,0.0001,-2.6928986474155536
1,500,0.002,0.006,0.0001,-2.0532942897486084
1,500,0.0005,0.008,0.0001,-4.09785339588391
1,500,0.001,0.008,0.0001,-1.3457859886523926
1,500,0.0015,0.008,0.0001,-4.1292942858600306
1,500,0.002,0.008,0.0001,-3.7912545988395996
1,500,0.0005,0.01,0.0001,-3.8769918872528675
1,500,0.001,0.01,0.0001,-1.7289804861625568
1,500,0.0015,0.01,0.0001,-5.053538855289908
1,500,0.002,0.01,0.0001,-5.422051229698621
1,500,0.0005,0.002,0.0002,-10.916269604421824
1,500,0.001,0.002,0.0002,-7.508811240607239
1,500,0.0015,0.002,0.0002,-4.599478889661157
1,500,0.002,0.002,0.0002,-1.473153365724944
1,500,0.0005,0.006,0.0002,-7.62244263238906
1,500,0.001,0.006,0.0002,-3.903577796954638
1,500,0.0015,0.006,0.0002,-4.630352204678633
1,500,0.002,0.006,0.0002,-1.3850428676291382
1,500,0.0005,0.008,0.0002,-6.176859926195021
1,500,0.001,0.008,0.0002,-1.6036734160140953
1,500,0.0015,0.008,0.0002,-3.838359853486617
1,500,0.002,0.008,0.0002,-1.6673580492896356
1,500,0.0005,0.01,0.0002,-6.222905385067346
1,500,0.001,0.01,0.0002,-3.2794684450262013
1,500,0.0015,0.01,0.0002,-6.38217660608259
1,500,0.002,0.01,0.0002,-3.871898101957061
4,500,0.0005,0.002,1e-05,-0.46866763295171365
4,500,0.001,0.002,1e-05,1.2919943316729299
4,500,0.0015,0.002,1e-05,1.3958925405405331
4,500,0.002,0.002,1e-05,2.5876672645795074
4,500,0.0005,0.006,1e-05,-0.055477762053890434
4,500,0.001,0.006,1e-05,1.685908584399054
4,500,0.0015,0.006,1e-05,1.5271509349704226
4,500,0.002,0.006,1e-05,3.027319134642159
4,500,0.0005,0.008,1e-05,-0.33531990893160835
4,500,0.001,0.008,1e-05,1.4445533037823033
4,500,0.0015,0.008,1e-05,1.3276120582547124
4,500,0.002,0.008,1e-05,2.617899219416575
4,500,0.0005,0.01,1e-05,-0.7332948254515581
4,500,0.001,0.01,1e-05,1.039471106201506
4,500,0.0015,0.01,1e-05,0.7194820081861453
4,500,0.002,0.01,1e-05,3.0304789260547915
4,500,0.0005,0.002,5e-05,-5.323650753716991
4,500,0.001,0.002,5e-05,-2.2518988734694823
4,500,0.0015,0.002,5e-05,-2.918689540010533
4,500,0.002,0.002,5e-05,-1.1769017822139127
4,500,0.0005,0.006,5e-05,-5.856790516193056
4,500,0.001,0.006,5e-05,-0.5454647201446949
4,500,0.0015,0.006,5e-05,-1.190982530585294
4,500,0.002,0.006,5e-05,-0.7355711255805919
4,500,0.0005,0.008,5e-05,-7.714612490832396
4,500,0.001,0.008,5e-05,-2.7958821954139013
4,500,0.0015,0.008,5e-05,-4.298925103734341
4,500,0.002,0.008,5e-05,-4.688589782334118
4,500,0.0005,0.01,5e-05,-10.263474351719303
4,500,0.001,0.01,5e-05,-4.48310029630229
4,500,0.0015,0.01,5e-05,-6.640787850400054
4,500,0.002,0.01,5e-05,-6.640367206725539
4,500,0.0005,0.002,0.0001,-11.329309954763545
4,500,0.001,0.002,0.0001,-8.321270165137962
4,500,0.0015,0.002,0.0001,-8.460043002241434
4,500,0.002,0.002,0.0001,-7.850300154582179
4,500,0.0005,0.006,0.0001,-11.71073545962582
4,500,0.001,0.006,0.0001,-6.936989703585739
4,500,0.0015,0.006,0.0001,-5.205599161057695
4,500,0.002,0.006,0.0001,-3.915423187894407
4,500,0.0005,0.008,0.0001,-12.484273552686464
4,500,0.001,0.008,0.0001,-6.526605693996357
4,500,0.0015,0.008,0.0001,-7.682380855769944
4,500,0.002,0.008,0.0001,-5.943725342308214
4,500,0.0005,0.01,0.0001,-15.23273509243407
4,500,0.001,0.01,0.0001,-8.605971325186223
4,500,0.0015,0.01,0.0001,-9.43777954591133
4,500,0.002,0.01,0.0001,-6.692337454332009
4,500,0.0005,0.002,0.0002,-17.304785382542278
4,500,0.001,0.002,0.0002,-14.59823287759866
4,500,0.0015,0.002,0.0002,-13.051667076940909
4,500,0.002,0.002,0.0002,-11.56986723308452
4,500,0.0005,0.006,0.0002,-16.2873233306153
4,500,0.001,0.006,0.0002,-9.871971801611801
4,500,0.0015,0.006,0.0002,-9.175691542490394
4,500,0.002,0.006,0.0002,-5.243072579897445
4,500,0.0005,0.008,0.0002,-17.029003461833526
4,500,0.001,0.008,0.0002,-9.181200616423023
4,500,0.0015,0.008,0.0002,-10.267921015236503
4,500,0.002,0.008,0.0002,-4.721983328758461
4,500,0.0005,0.01,0.0002,-18.816946285801308
4,500,0.001,0.01,0.0002,-11.156652274572565
4,500,0.0015,0.01,0.0002,-12.54384030436777
4,500,0.002,0.01,0.0002,-6.800561459115118
12,500,0.0005,0.002,1e-05,-2.247113428885872
12,500,0.001,0.002,1e-05,-1.9502405129175115
12,500,0.0015,0.002,1e-05,-2.2731045701277264
12,500,0.002,0.002,1e-05,-1.7502643055764655
12,500,0.0005,0.006,1e-05,-1.3739986727902997
12,500,0.001,0.006,1e-05,-0.5825242023430821
12,500,0.0015,0.006,1e-05,-0.4768401128393607
12,500,0.002,0.006,1e-05,-0.7326733404465324
12,500,0.0005,0.008,1e-05,-1.960011845968035
12,500,0.001,0.008,1e-05,-1.3530661243591258
12,500,0.0015,0.008,1e-05,-1.6425180487883217
12,500,0.002,0.008,1e-05,-1.9781183671578217
12,500,0.0005,0.01,1e-05,-1.7911279639631905
12,500,0.001,0.01,1e-05,-1.3824044383125678
12,500,0.0015,0.01,1e-05,-2.064408562130182
12,500,0.002,0.01,1e-05,-2.595386129060584
12,500,0.0005,0.002,5e-05,-3.9783872050598634
12,500,0.001,0.002,5e-05,-0.5489158148628159
12,500,0.0015,0.002,5e-05,0.3634606295656262
12,500,0.002,0.002,5e-05,1.3580906098046297
12,500,0.0005,0.006,5e-05,-3.4813868494847577
12,500,0.001,0.006,5e-05,0.3076538028170539
12,500,0.0015,0.006,5e-05,2.4246961140895307
12,500,0.002,0.006,5e-05,5.684314214635777
12,500,0.0005,0.008,5e-05,-5.657685211180197
12,500,0.001,0.008,5e-05,-1.6316405448824955
12,500,0.0015,0.008,5e-05,-0.14152518855642393
12,500,0.002,0.008,5e-05,3.147857232690865
12,500,0.0005,0.01,5e-05,-6.802938206506337
12,500,0.001,0.01,5e-05,-3.2172824943670686
12,500,0.0015,0.01,5e-05,-1.115599669887113
12,500,0.002,0.01,5e-05,1.97221877534981
12,500,0.0005,0.002,0.0001,-7.018788782241836
12,500,0.001,0.002,0.0001,-4.172626520696221
12,500,0.0015,0.002,0.0001,-2.4077341169664868
12,500,0.002,0.002,0.0001,0.21695689383134376
12,500,0.0005,0.006,0.0001,-8.109385453931194
12,500,0.001,0.006,0.0001,-5.34300587117067
12,500,0.0015,0.006,0.0001,-4.1221884496419054
12,500,0.002,0.006,0.0001,-0.6074528758189923
12,500,0.0005,0.008,0.0001,-8.250862667947533
12,500,0.001,0.008,0.0001,-5.8032990535737845
12,500,0.0015,0.008,0.0001,-5.35021684755681
12,500,0.002,0.008,0.0001,-0.6676090245783195
12,500,0.0005,0.01,0.0001,-8.316879123076749
12,500,0.001,0.01,0.0001,-5.034572552666294
12,500,0.0015,0.01,0.0001,-3.800084614507304
12,500,0.002,0.01,0.0001,-0.08727174884471944
12,500,0.0005,0.002,0.0002,-12.71860669916366
12,500,0.001,0.002,0.0002,-8.077816788970871
12,500,0.0015,0.002,0.0002,-5.592329741794277
12,500,0.002,0.002,0.0002,-1.2431197333247268
12,500,0.0005,0.006,0.0002,-13.308260211510836
12,500,0.001,0.006,0.0002,-7.997071038125969
12,500,0.0015,0.006,0.0002,-6.129342061892585
12,500,0.002,0.006,0.0002,-3.151082241864367
12,500,0.0005,0.008,0.0002,-13.41070962838533
12,500,0.001,0.008,0.0002,-8.54404088255276
12,500,0.0015,0.008,0.0002,-7.9266205163337045
12,500,0.002,0.008,0.0002,-3.8293627623483872
12,500,0.0005,0.01,0.0002,-14.325578011821039
12,500,0.001,0.01,0.0002,-8.469545387818101
12,500,0.0015,0.01,0.0002,-6.695822884177705
12,500,0.002,0.01,0.0002,-3.162811123534892
20,500,0.0005,0.002,1e-05,-1.6780994993979226
20,500,0.001,0.002,1e-05,-1.1140033896364199
20,500,0.0015,0.002,1e-05,-1.7942581409165492
20,500,0.002,0.002,1e-05,-0.551229977650014
20,500,0.0005,0.006,1e-05,-2.167627405953809
20,500,0.001,0.006,1e-05,-2.6603738627513973
20,500,0.0015,0.006,1e-05,-1.7685855073697243
20,500,0.002,0.006,1e-05,-0.4746880096872408
20,500,0.0005,0.008,1e-05,-2.769950168545632
20,500,0.001,0.008,1e-05,-3.163215949394027
20,500,0.0015,0.008,1e-05,-2.6046229696528367
20,500,0.002,0.008,1e-05,-1.2722898185453912
20,500,0.0005,0.01,1e-05,-2.581353014097787
20,500,0.001,0.01,1e-05,-2.3081192603432776
20,500,0.0015,0.01,1e-05,-1.8900842669150375
20,500,0.002,0.01,1e-05,-1.0368009566666947
20,500,0.0005,0.002,5e-05,-4.383132061713724
20,500,0.001,0.002,5e-05,-2.311241824518362
20,500,0.0015,0.002,5e-05,-2.4899592987040142
20,500,0.002,0.002,5e-05,-0.9250202138173513
20,500,0.0005,0.006,5e-05,-6.250363639323842
20,500,0.001,0.006,5e-05,-7.669420274059602
20,500,0.0015,0.006,5e-05,-5.9446836192552865
20,500,0.002,0.006,5e-05,-4.6905830015132155
20,500,0.0005,0.008,5e-05,-7.3816265084186705
20,500,0.001,0.008,5e-05,-9.55197830291442
20,500,0.0015,0.008,5e-05,-9.082654230484232
20,500,0.002,0.008,5e-05,-7.826646623309719
20,500,0.0005,0.01,5e-05,-6.919034249305433
20,500,0.001,0.01,5e-05,-9.676506056849576
20,500,0.0015,0.01,5e-05,-8.13349797532088
20,500,0.002,0.01,5e-05,-7.301313677325149
20,500,0.0005,0.002,0.0001,-4.480196178778462
20,500,0.001,0.002,0.0001,-3.373245429392857
20,500,0.0015,0.002,0.0001,-1.5212448504851594
20,500,0.002,0.002,0.0001,0.19763485142703097
20,500,0.0005,0.006,0.0001,-4.244889785901796
20,500,0.001,0.006,0.0001,-5.0108646581667475
20,500,0.0015,0.006,0.0001,-2.219850431293424
20,500,0.002,0.006,0.0001,-3.517885103736351
20,500,0.0005,0.008,0.0001,-5.624320011185391
20,500,0.001,0.008,0.0001,-6.9873250710871915
20,500,0.0015,0.008,0.0001,-4.182543014190642
20,500,0.002,0.008,0.0001,-5.601757394453022
20,500,0.0005,0.01,0.0001,-4.743364186830467
20,500,0.001,0.01,0.0001,-6.549503314784221
20,500,0.0015,0.01,0.0001,-3.7086415990659094
20,500,0.002,0.01,0.0001,-4.267905813955064
20,500,0.0005,0.002,0.0002,-10.871612771338368
20,500,0.001,0.002,0.0002,-10.176732704577097
20,500,0.0015,0.002,0.0002,-5.1232158460183586
20,500,0.002,0.002,0.0002,-3.246581426587436
20,500,0.0005,0.006,0.0002,-10.440580768305052
20,500,0.001,0.006,0.0002,-10.130308803033527
20,500,0.0015,0.006,0.0002,-5.252864544913094
20,500,0.002,0.006,0.0002,-5.973201141069118
20,500,0.0005,0.008,0.0002,-9.29249010576566
20,500,0.001,0.008,0.0002,-9.753401875680945
20,500,0.0015,0.008,0.0002,-3.915537215869047
20,500,0.002,0.008,0.0002,-3.7802696575172767
20,500,0.0005,0.01,0.0002,-8.76907932620854
20,500,0.001,0.01,0.0002,-8.75102248498063
20,500,0.0015,0.01,0.0002,-2.686013252190611
20,500,0.002,0.01,0.0002,-3.0318610327046858
